Census Tract,2013-2017
36005022701,31966.22556
36005022702,32384.04476
36005022703,50547.96992
36005022800,53447.2275
36005022901,29043.52935
36005022902,32396.27361
36005023000,42129.42269
36005023100,19107.5851
36005023200,58808.56111
36005023301,25090.55214
36005023302,27149.07598
36005023501,23755.56886
36005023502,23977.72639
36005023600,39571.55397
36005023702,32100.74296
36005023703,33103.50903
36005023704,21802.00936
36005023800,51590.47976
36005023900,21453.48701
36005024000,35377.05689
36005024100,31002.1842
36005024300,20826.75822
36005024400,53273.98539
36005024501,19403.11575
36005024502,28343.42743
36005024600,64711.02153
36005024700,44266.41501
36005024800,58384.62748
36005024900,0
36005025000,77562.52849
36005025100,30122.72575
36005025200,64607.07626
36005025300,30642.45207
36005025400,54122.8717
36005025500,32727.47175
36005025600,43947.44572
36005025700,35218.08178
36005026100,70286.36009
36005026300,28952.83201
36005026400,62777.84345
36005026500,35584.94741
36005026601,54881.06068
36005026602,51259.28162
36005026701,43072.06356
36005026702,35988.49961
36005026900,39202.65019
36005027300,38743.04908
36005027401,95028.38988
36005027402,75475.47067
36005027600,0
36005027700,40308.34245
36005027900,59587.13151
36005028100,64158.68493
36005028300,25216.91697
36005028400,0
36005028500,61223.75986
36005028600,89678.26605
36005028700,55570.97189
36005028800,104557.7247
36005028900,52394.52694
36005029301,99823.1199
36005029302,102922.1154
36005029500,95628.62282
36005029600,57133.20804
36005029700,92836.36772
36005030000,53548.11554
36005030100,87130.58804
36005030200,60232.20358
36005030701,88850.78023
36005030900,95537.92548
36005031000,92626.43905
36005031200,78359.44218
36005031400,88415.63683
36005031600,67895.61904
36005031800,76500.6563
36005031900,0
36005032300,87390.4512
36005032400,20140.9233
36005032600,59919.34872
36005032800,25986.31573
36005033000,38067.40487
36005033201,51706.65388
36005033202,48581.16249
36005033400,58596.59429
36005033500,90841.0263
36005033600,34460.91187
36005033700,81294.36725
36005033800,43160.72275
36005034000,38972.3401
36005034200,50169.8945
36005034300,76987.77233
36005034400,62307.03255
36005034500,60769.2541
36005034800,38461.78542
36005035000,59163.19788
36005035100,78371.67103
36005035600,70206.87253
36005035800,71272.82102
36005035900,23520.16341
36005036000,63110.06066
36005036100,24521.91041
36005000100,0
36005000200,63970.15676
36005000400,84274.13145
36005001600,33749.60017
36005001900,40882.07954
36005002000,18720.33804
36005002300,17758.33482
36005002400,0
36005002500,23205.27041
36005002701,17714.51476
36005002702,13468.04505
36005002800,53291.3096
36005003100,43160.72275
36005003300,20802.30051
36005003500,32241.37479
36005003700,0
36005003800,37366.28388
36005003900,30935.94457
36005004001,50653.95332
36005004100,20521.03686
36005004200,31295.67671
36005004300,23377.49345
36005004400,19440.82138
36005004600,40399.03978
36005004800,33498.90865
36005005001,25153.73456
36005005002,27842.0444
36005005100,18779.44417
36005005200,17786.86881
36005005300,13776.82362
36005005400,32296.40463
36005005600,21774.49444
36005005902,30362.20749
36005006000,39051.82765
36005006100,43004.80486
36005006200,24612.60775
36005006300,31106.12947
36005006400,32388.12104
36005006500,26012.81158
36005006700,21371.96131
36005006800,49659.33983
36005006900,28483.04018
36005007000,36702.86852
36005007100,39336.14852
36005007200,37981.80289
36005007300,20315.18447
36005007400,37264.37676
36005007500,27380.40514
36005007600,33739.40946
36005007700,35174.26172
36005007800,40894.30839
36005007900,26942.20452
36005008300,27653.51622
36005008400,79370.36081
36005008500,31487.2621
36005008600,23136.99264
36005008700,27615.81059
36005008900,25294.36638
36005009000,30826.90396
36005009200,45163.19767
36005009300,33186.05379
36005009600,50066.96831
36005009800,64473.57793
36005011000,0
36005011502,22791.5275
36005011700,23566.02162
36005011800,83224.48811
36005011900,25742.75771
36005012101,29325.81207
36005012102,20951.08491
36005012300,24039.88973
36005012500,31933.61528
36005012701,21256.80627
36005012901,23698.50088
36005013000,78235.11549
36005013100,37196.09899
36005013200,108766.4888
36005013300,22341.09803
36005013500,24140.77778
36005013800,78060.85431
36005014100,28993.59486
36005014300,15347.21235
36005014400,21918.18348
36005014500,29279.95387
36005014701,21844.81035
36005014702,19795.45816
36005014900,25348.37716
36005015100,34164.36215
36005015200,75026.06026
36005015300,17481.14745
36005015500,18253.60343
36005015700,35400.49552
36005015800,49209.92942
36005015900,18246.46993
36005016000,75249.23686
36005016100,14946.71737
36005016200,72679.13928
36005016300,0
36005016400,80251.8574
36005016500,25887.46582
36005016600,77783.66694
36005016700,30112.53504
36005016900,28599.2143
36005017100,0
36005017300,19776.09581
36005017500,28111.07919
36005017701,28625.71015
36005017702,29886.30123
36005017901,31170.33095
36005017902,19765.90509
36005018101,25063.03722
36005018102,36271.8014
36005018301,31581.01665
36005018302,33859.65986
36005018400,66340.51638
36005018500,33303.24698
36005018900,26872.90768
36005019300,23195.0797
36005019400,56685.83579
36005019500,28905.95473
36005019700,25784.53963
36005019900,34167.41937
36005020000,43909.74009
36005020100,34585.23856
36005020200,30437.61875
36005020400,46040.61798
36005020501,20978.59983
36005020502,15103.65433
36005020601,51923.71604
36005020900,28980.34693
36005021001,52438.347
36005021002,56141.65176
36005021100,28064.20192
36005021200,58779.00804
36005021301,20987.77147
36005021302,32318.8242
36005021501,27618.8678
36005021502,24718.59115
36005021601,30735.18755
36005021602,47338.91469
36005021700,28353.61814
36005021800,37713.78716
36005021900,23815.69406
36005022000,28502.40254
36005022101,27241.81146
36005022102,22351.28874
36005022200,41589.31495
36005022300,26495.85133
36005022401,43972.9225
36005022403,39616.3931
36005022404,40407.19235
36005022500,31877.56637
36047002200,38010.33688
36047002300,19882.07921
36047002901,23341.82595
36047003000,71462.36826
36047003100,87209.05652
36047003300,120826.1774
36047003400,78688.60217
36047003500,80591.20811
36047003600,68384.77322
36047003700,138773.0404
36047003800,87640.12364
36047003900,110277.7714
36047004100,124141.2161
36047004300,122663.5628
36047004400,110187.0741
36047004500,148500.0751
36047004600,105728.6375
36047004700,109242.395
36047004900,128232.787
36047005000,106890.3787
36047005100,101695.1537
36047005201,31898.96686
36047005202,75495.85209
36047005300,95537.92548
36047005400,68293.05681
36047005601,77870.288
36047005602,68023.00294
36047005800,47881.06057
36047005900,72183.87067
36047006000,88455.3806
36047006200,64965.78933
36047006300,113435.8731
36047006400,73149.95018
36047006500,159700.6867
36047006600,64109.76951
36047006700,161210.9502
36047006800,46792.69253
36047006900,135026.9347
36047007000,51340.80731
36047007100,35381.13317
36047007200,36941.33119
36047007400,35514.6315
36047007500,157319.1173
36047007600,38852.0897
36047007700,138530.5015
36047007800,48042.07382
36047008000,60565.43986
36047008200,41629.05873
36047008400,50771.14651
36047008500,13458.87341
36047008600,0
36047008800,65471.24864
36047009000,39661.23223
36047009200,43926.04523
36047009400,42906.97402
36047009600,41354.92858
36047009800,39433.97935
36047010000,41718.737
36047010100,65844.22871
36047010200,54571.26303
36047010400,43511.28325
36047010600,41829.81576
36047010800,38767.50679
36047011000,56685.83579
36047011200,31246.76129
36047011400,44803.46553
36047011600,40762.8482
36047011700,93048.33453
36047011800,32199.59287
36047011900,93140.05093
36047012000,33331.78098
36047012100,103727.1817
36047012200,41844.08275
36047012600,48278.49834
36047012700,54260.44632
36047012801,37836.0757
36047012901,106320.7179
36047012902,112805.068
36047013000,62581.16271
36047013100,132638.2318
36047013200,54077.0135
36047013300,159451.0143
36047013400,76024.75004
36047013500,137101.7637
36047013600,70029.55414
36047013700,111161.3061
36047013800,57121.99826
36047013900,122879.6059
36047014000,72335.71228
36047014100,104796.1874
36047014200,59421.0229
36047014300,104424.2264
36047014500,74503.27674
36047014700,89351.14419
36047014800,57832.29089
36047014900,126393.3634
36047015000,77194.64379
36047015100,124791.3835
36047015200,85984.13293
36047015300,143943.8077
36047015400,0
36005036300,20190.85779
36005036400,65390.74202
36005036501,26650.75016
36005036502,28630.80551
36005036700,30641.433
36005036800,51317.36868
36005036901,19035.23104
36005036902,24839.86062
36005037000,46565.43965
36005037100,27175.57183
36005037200,48503.71308
36005037300,31517.83423
36005037400,28385.20935
36005037504,20968.40912
36005037600,54270.63703
36005037800,40516.23297
36005037900,28151.84204
36005038000,37482.458
36005038100,37703.59645
36005038200,51431.50465
36005038301,28848.88675
36005038302,22896.49184
36005038500,19528.4615
36005038600,63770.4188
36005038700,23822.82756
36005038800,58596.59429
36005038900,32673.46098
36005039000,35986.46147
36005039100,33649.73119
36005039200,41050.22628
36005039300,22063.91066
36005039400,32343.28191
36005039500,24315.03895
36005039600,40580.43446
36005039700,27963.31387
36005039800,77410.68688
36005039901,25845.6839
36005039902,33774.05788
36005040100,31803.17417
36005040302,28688.89257
36005040303,38927.50096
36005040304,23183.86992
36005040400,50246.32484
36005040501,36140.34122
36005040502,29298.29715
36005040600,49187.50986
36005040701,36467.46308
36005040702,34056.3406
36005040800,32877.27522
36005040900,47006.69748
36005041100,37380.55088
36005041300,47516.23308
36005041400,52414.90836
36005041500,51401.95159
36005041800,40974.81502
36005041900,34402.82481
36005042000,32016.16005
36005042100,32578.68736
36005042200,55741.15678
36005042300,35960.98469
36005042400,72767.79847
36005042500,27760.5187
36005042600,86468.19175
36005042800,71131.17012
36005042901,43437.91012
36005042902,27128.69455
36005043000,56249.67331
36005043100,30131.89739
36005043400,46495.12373
36005043500,41824.7204
36005043600,68841.31712
36005044200,53474.74242
36005044400,67452.32307
36005044800,91850.92586
36005044901,68652.78895
36005044902,69296.84195
36005045101,65036.10524
36005045102,67456.39935
36005045600,80768.5265
36005045800,24886.7379
36005046000,35471.83051
36005046201,47377.6394
36005046202,38154.02592
36005048400,76005.38769
36005050400,51378.51295
36005051600,89740.42939
36047000100,89920.805
36047000200,35597.17627
36047000301,132543.4582
36047000501,131569.2261
36047000502,108701.2682
36047000700,160538.3632
36047000900,164217.2103
36047001100,129142.8175
36047001300,114135.975
36047001500,104861.4079
36047001800,0
36047002000,65886.01062
36047002100,216205.1278
36047026200,50298.29747
36047026300,39367.73973
36047026400,46904.79036
36047026500,59720.62983
36047026600,47869.85079
36047026700,51780.027
36047026800,47431.65017
36047026900,63309.79862
36047027000,61899.40407
36047027100,41126.65663
36047027200,56284.32173
36047027300,46775.36832
36047027400,49679.72125
36047027500,74974.08763
36047027600,54839.27876
36047027700,41567.91446
36047027800,57686.56371
36047027900,59907.11986
36047028000,62600.52506
36047028100,27784.97641
36047028200,62889.94128
36047028300,35378.07596
36047028400,50138.30329
36047028501,93593.53762
36047028502,19209.49222
36047028600,41730.96585
36047028700,33968.70048
36047028800,48549.57128
36047028900,51044.25759
36047029000,50630.51468
36047029100,45353.76398
36047029200,47839.27865
36047029300,39311.69081
36047029400,52482.16706
36047029500,57926.04544
36047029600,54150.38663
36047029700,59576.94079
36047029800,56526.86068
36047029900,32562.38222
36047030000,51226.67134
36047030100,45767.50689
36047030200,57322.75529
36047030300,28921.2408
36047030400,43055.75842
36047030500,71462.36826
36047030600,47132.04324
36047030700,21279.22583
36047030800,46283.15692
36047030900,36775.22258
36047031100,51148.20286
36047031300,41950.06616
36047031400,60147.62067
36047031500,54584.51096
36047031701,57322.75529
36047031702,65455.96258
36047031900,48494.54144
36047032100,52606.49375
36047032300,67685.69037
36047032500,51051.39109
36047032600,24303.82917
36047032700,44791.23668
36047032800,56289.41709
36047032900,43440.96733
36047033000,28498.32625
36047033100,43247.3438
36047033300,50847.57685
36047033500,47259.42714
36047033600,78366.57567
36047033700,69055.32207
36047033900,37949.19261
36047034000,21109.04094
36047034100,52100.01536
36047034200,19947.29977
36047034300,28094.77405
36047034500,37245.0144
36047034700,36861.84363
36047034800,56526.86068
36047034900,34563.83806
36047035000,40284.90381
36047035100,33278.78927
36047035200,12536.61397
36047035300,49667.4924
36047035400,44607.80386
36047035500,47521.32844
36047035601,43974.96064
36047035602,37313.29218
36047035700,27897.07424
36047035900,30669.96699
36047036001,22164.79871
36047036002,18437.03624
36047036100,29512.3021
36047036200,31845.97516
36047036300,31667.6377
36047036400,54187.07319
36047036501,40687.43694
36047036502,37408.0658
36047036600,38127.53007
36047036700,51342.84546
36047036900,38195.80784
36047037000,64286.06883
36047037100,51729.07344
36061005501,163174.7004
36061005502,129895.9112
36061005600,126691.9513
36061005700,160173.5357
36061005800,187496.8729
36061005900,126221.1404
36061006000,125919.4953
36061006100,158934.3452
36061006200,107175.7186
36061006300,137077.3059
36061006400,108203.9615
36061006500,106374.7287
36061006600,69806.37755
36061006700,101571.8461
36061006800,126436.1644
36061006900,202424.2279
36061007000,104902.1708
36061007100,146197.9932
36061007200,110428.5939
36061007300,108553.5029
36061007400,138173.8266
36061007500,132401.8073
36061007600,91291.45577
36061007700,139338.6249
36061007800,121132.9179
36061007900,112651.1882
36061008000,121439.6583
36061008100,128020.8201
36061008200,134281.9936
36061008300,70810.16269
36061008400,135681.1784
36061008601,155021.1117
36061008602,0
36047015500,146380.407
36047015700,122565.732
36047015900,132500.6572
36047016000,65340.80753
36047016100,115601.3994
36047016200,77137.5758
36047016300,101843.9381
36047016400,92608.09577
36047016500,155044.5504
36047016600,104790.073
36047016700,144011.0664
36047016800,78795.60465
36047016900,84309.79894
36047017000,67778.42585
36047017100,116961.8594
36047017200,63382.15267
36047017400,102008.0086
36047017500,0
36047017600,60469.64717
36047017700,0
36047017800,61891.2515
36047017900,53262.77561
36047018000,67611.29818
36047018100,85582.61888
36047018200,61356.23912
36047018300,106183.1433
36047018400,81489.00985
36047018501,24730.82001
36047018600,67870.14226
36047018700,69806.37755
36047018800,65634.30004
36047019000,43708.98306
36047019100,87869.41466
36047019200,42232.34888
36047019300,55656.57387
36047019400,48540.39964
36047019500,80469.93864
36047019600,39716.26208
36047019700,92212.69614
36047019800,59870.4333
36047019900,84537.05182
36047020000,57747.70798
36047020100,96174.84498
36047020200,95856.89477
36047020300,105546.2238
36047020400,77440.23995
36047020500,85501.09318
36047020600,82874.94669
36047020700,115739.9931
36047020800,53683.65201
36047021000,38340.51595
36047021100,59971.32135
36047021200,41243.84981
36047021300,43290.14479
36047021400,55411.99678
36047021500,69151.11477
36047021600,43208.6191
36047021700,61367.4489
36047021800,33088.22296
36047021900,63815.25794
36047022000,32337.16748
36047022100,51395.83716
36047022200,36720.19273
36047022400,38534.13948
36047022600,47461.20324
36047022700,78008.88168
36047022800,33308.34234
36047022900,66173.3887
36047023000,38117.33936
36047023100,72545.64095
36047023200,37315.33032
36047023300,36623.38097
36047023400,28980.34693
36047023500,52663.56174
36047023600,24050.08044
36047023800,28940.60315
36047024000,31610.56971
36047024100,60938.41992
36047024200,62765.61459
36047024300,57115.88383
36047024400,53696.89994
36047024500,65220.55713
36047024600,46904.79036
36047024700,46641.86999
36047024800,51706.65388
36047024900,67722.37694
36047025000,53859.95133
36047025100,33956.47163
36047025200,48217.35407
36047025300,51767.79815
36047025400,47339.93376
36047025500,21172.22336
36047025600,50174.98986
36047025700,64222.88642
36047025800,42164.07111
36047025901,54044.40322
36047025902,16761.68318
36047026000,47556.99593
36047026100,43206.58095
36047037300,30975.68835
36047037401,46814.09302
36047037402,33881.06036
36047037500,38781.77378
36047037700,46559.32522
36047037900,37960.40239
36047038100,33561.072
36047038200,19567.18621
36047038300,69212.25904
36047038500,62093.0276
36047038600,58278.64408
36047038700,49186.49079
36047038800,63476.9263
36047038900,54966.66266
36047039000,65569.07948
36047039100,46884.40893
36047039200,42992.576
36047039300,57595.86637
36047039400,56734.7512
36047039500,47470.37488
36047039600,42996.65229
36047039700,39489.0092
36047039800,53016.16038
36047039900,41144.99991
36047040000,52823.55592
36047040100,45258.99036
36047040200,54284.90403
36047040300,36804.77564
36047040400,53438.05585
36047040500,62150.09559
36047040600,36984.13218
36047040700,0
36047040800,74845.68466
36047040900,48968.40955
36047041000,57004.80507
36047041100,36043.52945
36047041200,51146.16471
36047041300,39874.21811
36047041401,60189.40259
36047041402,47091.28039
36047041500,57610.13337
36047041600,47689.47519
36047041700,32960.83906
36047041800,35107.00302
36047041900,39255.64189
36047042000,55685.10786
36047042100,42036.68721
36047042200,61481.58488
36047042300,63946.71812
36047042400,50359.44174
36047042500,60483.91417
36047042600,48930.70391
36047042700,52830.68942
36047042800,53571.55418
36047042900,50116.9028
36047043000,38534.13948
36047043100,63819.33422
36047043200,50898.53041
36047043300,33119.81417
36047043400,53117.04842
36047043500,51590.47976
36047043600,45653.37092
36047043700,47580.43457
36047043800,42918.1838
36047043900,54085.16607
36047044000,45818.46045
36047044100,53859.95133
36047044200,73218.22795
36047044300,51495.70614
36047044400,49050.95432
36047044500,58702.5777
36047044600,61197.26401
36047044700,50953.56026
36047044800,53359.58737
36047044900,28170.18532
36047045000,44584.36522
36047045200,78023.14868
36047045300,54138.15777
36047045400,59870.4333
36047045600,34393.65317
36047045800,73649.29507
36047046000,52510.70106
36047046201,25172.07784
36047046202,53743.77722
36047046400,59377.20284
36047046800,44584.36522
36047047000,47132.04324
36047047200,52948.90168
36047047400,51863.59084
36047047600,36249.38184
36047047700,103544.7679
36047047800,42514.63161
36047048000,31243.70408
36047048100,78144.41815
36047048200,42358.71371
36047048400,51112.53536
36047048500,100952.2508
36047048600,48896.05549
36047048800,49148.78515
36047048900,17852.08937
36047049000,52268.16211
36047049100,39132.33428
36047049200,47869.85079
36047049300,33287.96092
36047049400,51780.027
36047049500,89323.62927
36047049600,75014.85048
36047049700,86680.15857
36047049800,78858.78707
36047049900,80410.83251
36047050000,87003.20414
36047050100,97595.43024
36047050202,100483.478
36047050300,85463.38755
36047050400,83506.77083
36047050500,33374.58197
36047050600,52036.83295
36047050700,41040.03557
36047050801,48660.65004
36047050803,45945.84435
36047050804,52056.1953
36047050900,36795.604
36047051001,51925.75419
36047051002,49186.49079
36047051100,36431.79558
36047051200,42363.80907
36047051300,84307.7608
36047051400,49368.90453
36047051500,136046.0059
36047051601,53055.90415
36047051602,56636.92037
36047051700,108209.0568
36047051800,61513.17608
36047051900,125785.997
36047052000,60273.9855
36047052300,43726.30727
36047052500,36246.32462
36047052600,66828.65149
36047052700,52917.31047
36047052800,85115.88427
36047052900,38422.04165
36047053000,40264.52239
36047053100,36915.85441
36047053200,65124.76443
36047053300,26981.9483
36047053400,33119.81417
36047053500,27542.43746
36047053700,33591.64413
36047053800,33467.31745
36047053900,22072.06323
36047054200,42005.096
36047054300,133753.0957
36047054400,50027.22453
36047054500,19522.34708
36047054600,49904.93599
36047054700,36904.64462
36047054800,64190.27614
36047054900,90942.93342
36047055000,61723.10475
36047055100,76360.02447
36047055200,52077.5958
36047055300,100760.6654
36047055400,50528.60756
36047055500,139295.824
36047055600,66712.47737
36047055700,89027.07955
36047055800,55973.50501
36047056000,52564.71183
36047056100,85729.36513
36047056200,56813.21969
36047056300,70910.03167
36047056400,91653.22605
36047056500,98987.48151
36047056600,67712.18622
36047056800,86303.10222
36047056900,83248.94582
36047057000,63214.00593
36047057100,58712.76841
36047057200,18659.19377
36047057300,84020.38272
36047057400,95537.92548
36047057500,74041.63748
36047057600,77217.06335
36047057800,53848.74155
36047057900,57322.75529
36047058000,44372.39841
36047058200,50698.79245
36047058400,55411.99678
36047058600,67347.35873
36047058800,66309.94425
36047058900,83609.69702
36047059000,49467.75444
36047059100,94537.19756
36047059200,62145.00023
36047059300,69606.63959
36047059401,56531.95603
36047059402,73270.20058
36047059600,54311.39988
36047059800,68562.09161
36047060000,55706.50836
36081021900,0
36081022001,70181.39575
36081022002,62286.65113
36081022900,0
36081023000,109219.9755
36081023200,72077.88727
36081023500,51232.78577
36081023600,59157.08346
36081023800,46771.29203
36081024000,44425.39012
36047060600,51463.09586
36047060800,52085.74837
36047061002,66529.04456
36047061003,53153.73499
36047061004,25212.84069
36047061200,88611.2985
36047061600,85453.19683
36047062000,122118.3597
36047062200,70551.3186
36047062600,56897.8026
36047062800,74012.08441
36047063200,75666.03698
36047063600,108008.2998
36047063800,107851.3629
36047064000,112007.1352
36047064200,55244.8691
36047064400,90442.56945
36047064600,96750.62021
36047064800,79592.51833
36047065000,65730.09273
36047065200,93596.59483
36047065400,91807.1058
36047065600,78802.73815
36047065800,82958.51052
36047066000,102903.7722
36047066200,86366.28463
36047066600,0
36047067000,81950.6491
36047067200,71530.64603
36047067400,80888.77691
36047067600,84972.19523
36047067800,90070.60846
36047068000,76332.50955
36047068200,101482.1678
36047068600,58694.42513
36047068800,92990.24747
36047069000,103074.9761
36047069200,109309.6537
36047069601,63649.14933
36047069602,89727.18147
36047069800,70698.06486
36047070000,60719.31961
36047070201,85267.72588
36047070202,0
36047070203,0
36047070600,100774.9324
36047072000,80251.8574
36047072200,68570.24418
36047072400,70698.06486
36047072600,83923.57096
36047072800,56207.89139
36047073000,105396.4203
36047073200,76526.13308
36047073400,89027.07955
36047073600,71368.61371
36047073800,63981.36654
36047074000,62074.68432
36047074200,82079.05207
36047074400,106153.5902
36047074600,83725.87114
36047074800,78383.89988
36047075000,59870.4333
36047075200,156364.2476
36047075400,111248.9462
36047075600,84392.34371
36047075800,88277.04314
36047076000,58384.62748
36047076200,49740.86552
36047076400,56162.03319
36047076600,69027.80715
36047076800,42719.46492
36047077000,50903.62577
36047077200,57822.10018
36047077400,64116.90301
36047077600,63266.99763
36047078000,85070.02606
36047078200,66268.16233
36047078400,83741.15721
36047078600,54030.13622
36047078800,37867.66691
36047079000,38079.63372
36047079200,40220.70232
36047079400,36555.1032
36047079601,58149.22204
36047079602,46242.39407
36047079801,81563.40204
36047079802,63155.91887
36047080000,73457.70968
36047080200,48007.4254
36047080400,42103.94591
36047080600,40630.36895
36047080800,10933.61496
36047081000,42568.64238
36047081400,40527.44276
36047081600,46237.29872
36047081800,61683.36097
36047082000,41907.26517
36047082200,42660.35879
36047082400,42115.15569
36047082600,45549.42566
36047112200,35667.49218
36047112400,49750.03716
36047112600,34001.31076
36047112800,38770.564
36047113000,32217.93615
36047113200,60932.3055
36047113400,19556.9955
36047114201,37439.65701
36047114202,49768.38044
36047114400,30745.37826
36047114600,41794.14826
36047115000,42134.51805
36047115200,39215.89812
36047115600,16716.84405
36047115800,54138.15777
36047116000,27972.48551
36047116200,39998.5448
36047116400,52840.88013
36047116600,41175.57204
36047116800,55512.88483
36047117000,37250.10976
36047117201,59597.32222
36047117202,51126.80236
36047117400,54532.53833
36047117601,48029.84497
36047117602,42498.32647
36047117800,46559.32522
36047118000,0
36047118201,46889.50429
36047118202,54647.69337
36061015001,152719.0299
36047118400,56120.25127
36047118600,46925.17178
36047118800,50306.45004
36061015002,209057.3624
36061015100,62769.69088
36061015200,87057.21491
36061015300,157956.0368
36061015400,94853.10963
36061015500,111921.5332
36061015601,90755.42431
36061015602,57534.7221
36061015700,142458.0019
36061015801,155697.775
36061015802,98310.81823
36061015900,114403.9907
36061016001,254768.8204
36061016002,120573.4478
36061016100,123972.0502
36061016200,33215.60686
36061016300,121576.2138
36061016400,27633.1348
36061016500,140950.7956
36061016600,41367.15743
36061016700,168914.1095
36061016800,25249.52725
36061016900,116589.8984
36061017000,31671.71398
36061017100,153022.7131
36061017200,44584.36522
36061017300,130506.3348
36061017401,20269.32627
36061017402,39085.457
36061017500,148827.1969
36061017700,83743.19535
36061017800,49275.14998
36061017900,76849.17865
36061018000,35174.26172
36061018100,97298.88052
36061018200,24315.03895
36061018300,122917.3115
36061018400,27649.43994
36061018500,118601.545
36061018600,34671.85961
36061018700,116050.8098
36061018800,31553.50172
36061018900,27034.94
36061019000,56595.13845
36061003001,73636.04714
36061003002,54350.12458
36061003100,206264.0882
36061003200,69984.71501
36061003300,197445.046
36061003400,76776.82459
36061003601,48669.82169
36061003602,87046.00513
36061003700,150555.5417
36061003800,60560.34451
36061003900,160658.6136
36061004000,91530.9375
36061004100,82452.03214
36061004200,126251.7125
36061004300,74417.67475
36061004400,100771.8752
36061004500,145352.1641
36061004700,127201.4869
36061004800,116997.5269
36061004900,97390.59693
36061005000,140617.5593
36061005200,162868.9791
36061005400,152860.6808
36061019100,103605.9122
36061019200,17634.00813
36061019300,41990.82901
36061019400,20469.06423
36061019500,118359.006
36061019600,17395.54547
36061019701,70698.06486
36061019702,67363.66387
36061019800,76136.84788
36061019900,82599.79746
36061020000,62418.11131
36061020101,114857.4774
36061020102,70627.74894
36061020300,39489.0092
36061020500,118345.7581
36061020600,38746.10629
36061020701,63519.72729
36061020800,71998.39971
36061020901,24330.32502
36061021000,28655.26322
36061021100,49888.63085
36061021200,54130.0052
36061021303,45540.25401
36061021400,54442.86006
36061021500,34605.61998
36061021600,58687.29163
36061021703,0
36061021800,47956.47184
36061021900,20011.50126
36061022000,63182.41472
36061022102,53996.50687
36061022200,53833.45548
36061022301,42949.77501
36061022302,26502.98483
36061022400,32202.65008
36061022500,52555.54019
36061022600,42697.04535
36061022700,54655.84594
36061022800,38892.85254
36061022900,47394.96361
36061023000,36060.85366
36061023100,43742.61241
36061023200,34226.5255
36061023300,53512.44805
36061023400,35065.2211
36061023501,40910.61353
36061023502,31782.79275
36061023600,39199.59298
36061023700,42753.09427
36061023801,90416.0736
36061023802,126619.5972
36061023900,35377.05689
36061024000,0
36061024100,53520.60062
36061024200,25767.21542
36061024301,43118.94083
36047082800,50675.35382
36047083000,49058.08781
36047083200,59940.74921
36047083400,56952.83244
36047083600,60234.24172
36047083800,63374.0001
36047084000,50430.77673
36047084600,58278.64408
36047084800,54658.90316
36047085000,68969.72009
36047085200,0
36047085400,51173.67964
36047085600,53209.7839
36047085800,58779.00804
36047086000,50023.14825
36047086200,43476.63482
36047086400,46742.75804
36047086600,47218.66429
36047086800,49297.56955
36047087000,36941.33119
36047087200,46848.74144
36047087401,31346.63027
36047087600,34924.58927
36047087800,36266.70605
36047088000,40704.76115
36047088200,49254.76856
36047088400,46450.2846
36047088600,36241.22927
36047088800,45585.09315
36047089000,29427.71919
36047089200,19150.38609
36047089400,48087.93203
36047089600,34046.14989
36061008603,170803.4675
36061008700,156274.5693
36061008800,105644.0546
36061008900,104265.2513
36061009000,134914.8368
36061009100,118877.7133
36061009200,124836.2226
36061009300,77308.77976
36061009400,0
36061009500,144678.5581
36061009600,128976.7089
36061009700,52482.16706
36061009800,137065.0771
36061009900,129261.0298
36061010000,108739.9929
36061010100,151177.1751
36061010200,170694.4269
36061010300,100787.1613
36061010400,122509.6831
36061010601,129021.5481
36061010602,137516.5256
36061010800,147644.0553
36061010900,163572.1382
36061011000,116782.5029
36061011100,107906.3927
36061011201,138358.2784
36061011202,166872.9098
36061011203,126415.783
36061011300,112097.8326
36061011401,238101.9108
36061011402,158315.7689
36061011500,124472.4142
36061011600,85640.70594
36061011700,127347.2141
36061011800,124873.9283
36061011900,16706.65334
36061012000,190863.8842
36061012100,70832.58225
36061012200,159817.8799
36061012400,127858.7878
36061012500,144580.7272
36061012600,136431.2148
36061012700,75651.76998
36061012800,168196.6833
36061012900,121222.5961
36061013000,193835.4958
36061013100,107149.2228
36061013200,90984.71534
36061013300,84972.19523
36061013400,98433.10677
36061013500,65887.0297
36061013600,107886.0113
36061013700,151598.0515
36061013800,134606.0583
36061013900,103855.5847
36061014000,156841.1729
36061014200,211991.2684
36061014300,0
36061014401,105622.6541
36061014402,128853.4013
36061014500,162258.5554
36061014601,113986.1715
36061014602,97043.09365
36061014700,193793.7139
36061014801,157248.8014
36061014802,126619.5972
36061014900,158908.8684
36061024302,21348.52268
36061024500,39314.74802
36061024700,45522.9298
36061024900,42582.90938
36061025100,32660.21305
36061025300,51574.17462
36061025500,36157.66543
36061025700,83067.55114
36061025900,58251.12916
36061026100,36686.56338
36061026300,31551.46358
36061026500,75383.75426
36061026700,39653.07966
36061026900,38939.72982
36061027100,58200.1756
36061027300,79655.70075
36061027500,94718.59223
36061027700,31924.44364
36061027900,45819.47952
36061028100,100926.774
36047089800,36623.38097
36047090000,23416.21815
36047090200,42673.60671
36047090600,10896.9284
36047090800,10972.33967
36047091000,11780.46313
36047091200,14620.61458
36047091600,33673.16983
36047091800,22470.52007
36047092000,17340.51563
36047092200,30066.67684
36047092400,37694.42481
36047092800,56291.45523
36047093000,69212.25904
36047093200,81270.92861
36047093400,49100.88881
36047093600,65539.52642
36047093800,47581.45364
36047094401,82632.40774
36047094402,19977.87191
36047094600,59717.57262
36047095000,76073.66546
36047095400,77717.42732
36047095600,61311.39999
36047095800,55577.08631
36047096000,0
36047096200,72354.05556
36047096400,55341.68087
36047096600,68969.72009
36047096800,69042.07415
36047097000,92465.4258
36047097400,62545.49521
36047098200,20642.30633
36047098400,70868.24975
36047098600,69940.89495
36047098800,75006.69791
36047099000,87157.08389
36047099200,87640.12364
36047099400,74352.4542
36047099600,71004.80529
36047099800,71957.63687
36047100400,64456.25372
36047100600,80251.8574
36047100800,70061.14535
36047101000,74428.88454
36047101200,67640.85124
36047101400,70788.76219
36047101600,85135.24662
36047101800,81928.22954
36047102000,105728.6375
36047102200,62297.86091
36047102400,89041.34655
36047102600,76594.41085
36047102800,77067.25989
36047103400,23897.21976
36047105801,23072.79116
36047105804,31112.24389
36047107000,59735.9159
36047107800,66659.48567
36047109800,48310.08955
36047110400,35929.39348
36047110600,17736.93433
36047111000,18194.4973
36047111600,40925.8996
36047111800,32449.26531
36047112000,24595.28354
36085027302,76377.34868
36085027702,64570.3897
36085027704,103151.4065
36085027705,79648.56725
36085027706,81817.15077
36085027900,105149.8051
36085029102,77336.29469
36085029103,83284.61331
36085029104,91608.38691
36085030301,69179.64876
36061028300,55277.47938
36061028500,44383.6082
36061028700,48907.26528
36061029100,34672.87868
36061029300,38205.99855
36061029500,74820.20788
36061029700,0
36061029900,22375.74645
36061030300,62890.96035
36061030700,78222.88663
36061030900,32150.67745
36061031100,0
36061031703,254768.8204
36061031704,165120.1074
36061031900,0
36081000100,139762.5586
36081000200,68908.57582
36081000400,60701.9954
36081000600,81884.40947
36081000700,126016.3071
36081000800,71665.16343
36081001000,80946.86397
36081001200,66639.10425
36081001400,65765.76022
36081001600,79853.40056
36081001800,68562.09161
36081001900,133413.745
36081002000,90927.64735
36081002200,72183.87067
36081002400,71425.6817
36081002500,18404.42596
36081002600,82215.60762
36081002800,64647.83911
36081003000,43974.96064
36081003100,57322.75529
36081003200,62582.18178
36081003300,64161.74215
36081003400,72354.05556
36081003600,81066.0953
36081003700,0
36081003800,74678.55698
36081003900,44017.76163
36081004001,73627.89457
36081004002,85630.51522
36081040200,102817.1511
36081040300,48289.70813
36081040400,66574.90276
36081040500,49017.32497
36081040700,46633.71742
36081040900,49270.05463
36081041100,61203.37844
36081041300,49470.81165
36081041400,52166.25499
36081041500,45510.70095
36081042400,87084.72983
36081042600,0
36081042700,52500.51035
36081043200,93499.78307
36081043400,94901.00598
36081043701,59639.10414
36081043702,41730.96585
36081043900,43649.87693
36081044000,61551.90079
36081044301,29233.07659
36081044302,55321.29944
36081044400,45234.53265
36081044601,42279.22616
36081044602,41238.75446
36081044800,58596.59429
36081045000,81525.69641
36081045200,59870.4333
36081045400,48820.64422
36081045500,49552.33735
36081045600,76288.68949
36081045700,66517.83477
36081045800,61710.8759
36081045900,61893.28964
36081046000,36065.94902
36081046100,55730.96607
36081046200,50024.16732
36081046300,44951.23086
36081046400,77916.1462
36081046500,39043.67508
36081046600,53794.73078
36081046700,32752.94853
36081046800,50811.90936
36081046900,44453.92411
36081047000,63113.11788
36081047100,48261.17413
36081004200,52266.12397
36081004300,25986.31573
36081004401,59021.54699
36081004500,84238.46396
36081004700,34712.62246
36081005000,0
36081005100,48697.33661
36081005200,60363.66376
36081005300,63437.18252
36081005400,66414.90858
36081005500,61326.68605
36081005700,63362.79032
36081005800,73069.44355
36081005900,81723.39622
36081006100,65819.771
36081006201,59804.19367
36081006202,52227.39926
36081006300,73642.16157
36081006501,64419.56716
36081006502,82286.9426
36081006900,60001.89349
36081007100,73680.88627
36081007300,71048.62535
36081007500,83274.4226
36081007700,83224.48811
36081007900,51026.93338
36081008100,58526.27838
36081008300,51378.51295
36081008500,44584.36522
36081008600,80336.44031
36081008700,28069.29727
36081008800,88385.06469
36081009100,66600.37954
36081009400,54697.62786
36081009500,69929.68517
36081009600,89555.97751
36085030302,77874.36428
36085031901,9225.65162
36085031902,37636.33775
36085032300,70559.47117
36085990100,0
36081047200,62448.68345
36081047300,55958.21894
36081047500,51897.22019
36081047600,104818.6069
36081047800,72693.40628
36081047900,50065.94924
36081048000,64902.60691
36081048100,35731.69367
36081048200,89978.89206
36081048300,57345.17485
36081048400,72183.87067
36081048500,65971.61261
36081048900,64965.78933
36081049200,62867.52172
36081049301,63903.91713
36081049302,68787.30635
36081049500,73933.61593
36081049600,84685.83622
36081049700,75156.50138
36081049900,57884.26352
36081050000,44715.82541
36081050201,94348.66938
36081050202,68689.47551
36081050400,54775.07728
36081050500,72510.99253
36081050600,75093.31896
36081050700,80825.59449
36081050800,84822.39176
36081051000,83088.95164
36081051100,94495.41564
36081051200,82768.96328
36081051300,76491.48466
36081051500,73676.80999
36081051600,52354.78316
36081051700,64886.30177
36081051800,84571.70024
36081052000,70672.58808
36081052100,84922.26074
36081052200,85241.23002
36081052400,76335.56676
36081052500,75411.26918
36081052600,65847.28592
36081052800,54010.77387
36081053000,79109.47858
36081053100,65660.79589
36081053200,91546.22357
36081053401,75298.15228
36081053500,60550.15379
36081053601,67774.34957
36081053800,97539.38133
36081053900,71193.33346
36081054000,63726.59874
36081054200,74617.41271
36081054500,52306.88682
36081054700,64192.31428
36081054800,64859.80592
36081009700,88693.84327
36081009800,67258.69954
36081009900,0
36081010000,94586.11297
36081010100,64516.37893
36081010200,53443.15121
36081010300,65413.16159
36081010400,68878.00368
36081010500,48945.98998
36081010600,65950.21211
36081010701,0
36081010800,60919.05757
36081011000,73144.85482
36081011100,72934.92615
36081011200,55145.00012
36081011300,74250.54708
36081011400,43128.11247
36081011500,76112.39017
36081011600,65390.74202
36081011700,61077.01361
36081011800,58006.55207
36081011900,64965.78933
36081012000,46949.62949
36081012100,61265.54178
36081012200,62737.0806
36081012301,84740.86606
36081012400,70585.96702
36081012500,78479.69258
36081012601,71517.3981
36081012602,65220.55713
36081012800,64700.83081
36081013000,64618.28605
36081013200,67513.46734
36081013400,64658.02982
36081013500,68412.28814
36081013600,67916.00047
36081013700,70825.44876
36081013800,61911.63292
36081014000,68193.18783
36081014100,62320.28048
36081014201,66876.54784
36081014202,81439.07536
36081014300,64697.7736
36081014400,50342.11753
36081014500,66558.59762
36081014700,80626.87561
36081014800,66239.62833
36081014900,69451.74077
36081015000,74105.83897
36081015100,70844.81111
36081015200,57599.94266
36081015300,61732.27639
36081015400,62993.88654
36081015500,77774.4953
36081015600,63097.83181
36081015700,55836.94947
36081015801,63819.33422
36081015802,65443.73372
36081015900,52377.20273
36081016100,52955.0161
36081016300,21318.96961
36081016400,77871.30707
36081016600,57936.23615
36081016800,84277.18866
36081016900,57619.30501
36081017000,76532.2475
36081017100,0
36081017200,65139.03143
36081017400,64377.78524
36081017600,63525.84171
36081017800,57747.70798
36081017900,44584.36522
36081018000,68011.79316
36081018101,54462.22242
36081018102,63929.39391
36081018200,55366.13857
36081024300,64540.83663
36081024500,58471.24854
36081024600,0
36081024700,59233.5138
36081024900,58239.91937
36081025100,53366.72087
36081025301,62386.52011
36081025302,66027.66152
36081025400,37810.59892
36081025500,74372.83562
36081025700,61144.27231
36081025800,61519.29051
36081025900,53899.69511
36081026000,44857.47631
36081026100,45572.86429
36081026200,72608.82337
36081026300,56201.77696
36081026400,59576.94079
36081026500,55953.12359
36081026600,32457.41788
36081026700,45507.64374
36081026901,50589.75184
36081026902,48122.58045
36081027000,67513.46734
36081027100,62820.64444
36081027200,60545.05844
36081027300,49254.76856
36081027400,68447.95563
36081027500,49998.69054
36081027600,54616.10217
36081027700,53671.42316
36081027800,40762.8482
36081027900,52864.31877
36081028000,71182.12368
36081028100,47464.26045
36081028200,75272.6755
36081028300,61685.39912
36081028400,65971.61261
36081028500,64148.49422
36081028700,64164.79936
36081028800,65940.0214
36081028900,67446.20864
36081029100,46162.90652
36081029300,62418.11131
36081018300,72345.90299
36081018401,64881.20642
36081018402,66706.36295
36081018501,71402.24306
36081018502,75326.68627
36081018600,74661.23277
36081018700,74901.73358
36081018800,79685.25381
36081018900,68907.55675
36081019000,84589.02445
36081019200,70857.03996
36081019400,74445.18968
36081019600,66578.97904
36081019800,53289.27146
36081019900,39720.33836
36081020200,68852.5269
36081020400,43186.19953
36081020500,59870.4333
36081020600,70957.92801
36081020800,70978.30944
36081021200,45682.92398
36081021400,52456.69028
36081021600,69511.86597
36081029400,69541.41904
36081029500,67212.84133
36081029700,63017.32518
36081029900,0
36081030600,70788.76219
36081030902,53378.94972
36081030903,66895.91019
36081030904,61933.03342
36081031700,64419.56716
36081032000,77173.24329
36081032700,57868.97745
36081032800,61356.23912
36081032900,59445.48061
36081033000,77279.2267
36081033100,0
36081033401,75963.60577
36081033402,50824.13821
36081033700,71301.35501
36081033900,70125.34684
36081034700,52346.63059
36081035100,56048.91628
36081035200,85772.16612
36081035300,46754.98689
36081035700,63214.00593
36081035800,81877.27598
36081036100,45756.29711
36081036300,54833.16433
36081036500,49272.09277
36081036600,72009.6095
36081036700,59360.8977
36081036800,77815.25815
36081037100,60738.68197
36081037300,47584.51085
36081037500,54061.72743
36081037600,74075.26683
36081037700,65775.95093
36081037900,61387.83033
36081038100,49866.21128
36081038301,0
36081038302,0
36081038400,74784.54039
36081039400,65781.04629
36081039800,90867.52215
36081039900,53376.91158
36081040000,83967.39102
36081040100,53126.22007
36081103300,90124.61924
36081099801,69553.64789
36081099802,35500.3645
36081099900,0
36081100801,89726.1624
36081100802,60664.28977
36081101001,27063.47399
36081101002,37216.48041
36081101700,81950.6491
36081102900,65889.06784
36081103201,34883.82642
36081103202,53329.01524
36081103900,83722.81393
36081104700,51520.16385
36081105900,84455.52612
36081107201,84304.70359
36081107202,0
36081108500,67832.43663
36081109300,90048.1889
36081109700,99741.5942
36081109900,75581.45407
36081111300,87576.94123
36081112300,85666.18272
36081112900,88867.08537
36081113300,92290.14555
36081113900,56987.48086
36081114100,122642.1623
36081114700,80946.86397
36081115100,74888.48565
36081115500,53385.06415
36081115700,53005.96966
36081115900,59513.75838
36081116100,28180.37604
36081116300,36051.68202
36081116700,32382.00661
36081117100,44584.36522
36081117500,71099.57891
36081118100,65169.60357
36081118500,44775.95061
36081118700,39616.3931
36081118900,63776.53323
36081119100,45291.60064
36081119300,47132.04324
36081119500,83072.6465
36081119900,61738.39082
36081120100,47622.21649
36081120300,74913.96243
36081120500,28206.87189
36081120700,74589.89779
36081121100,0
36081121500,65730.09273
36081122300,69547.53346
36081122701,58021.83813
36081122702,28758.18941
36081124100,64540.83663
36081124700,74137.43017
36081125700,49509.53636
36081126500,61781.19181
36081126700,78399.18595
36081127700,120487.8458
36081128300,47132.04324
36081129102,112007.1352
36081129103,61392.92568
36081129104,79341.82682
36081130100,76987.77233
36081133300,84471.83126
36081133900,111991.8492
36081134100,81207.74619
36081134700,65440.67651
36081136700,67753.96814
36081137700,68100.45235
36081138501,66447.51886
36081138502,0
36081139900,101270.201
36081140300,65628.18561
36081140901,86238.90073
36081140902,104316.2048
36081141700,77194.64379
36081142900,86074.83027
36081143500,75702.72354
36081144100,91389.2866
36081144700,79402.97109
36081145101,87663.56228
36081145102,83011.50223
36081145900,78378.80453
36081146300,61927.93806
36081146700,73400.64169
36081147100,80604.45604
36081147900,85801.71919
36081148300,130204.6897
36081150701,116605.1845
36081150702,77110.06088
36081152901,75538.65308
36081152902,72117.63104
36081155101,52788.9075
36081155102,88671.4237
36081156700,56367.88557
36081157101,85699.81207
36081157102,85347.21343
36081157901,100485.5162
36081157902,111789.054
36081054900,57670.25857
36081055100,62418.11131
36081055200,54574.32025
36081055300,46024.31284
36081055400,68628.33124
36081055500,62173.53422
36081055600,76580.14385
36081055700,55200.02997
36081055800,94641.14282
36081055900,61845.3933
36081056000,62192.89658
36081056100,163306.1606
36081056200,93181.83285
36081056400,51633.28075
36081056500,63594.11948
36081056600,55522.05647
36081056700,94297.71582
36081056800,80226.38062
36081057700,66801.13657
36081057900,60295.38599
36081058000,70167.12876
36081058100,58171.6416
36081058200,93728.05502
36081058300,77817.29629
36081058500,68953.41495
36081058700,59799.09832
36081058900,47132.04324
36081059000,83648.42173
36081059100,65068.71552
36081059200,107851.3629
36081059300,61407.19268
36081059400,94759.35508
36081059500,69393.65371
36081059600,71812.92875
36081059800,88155.77367
36081059900,49679.72125
36081060000,83289.70867
36081060100,67843.64641
36081060300,92990.24747
36081060600,86196.09974
36081060701,0
36081060800,81172.0787
36081061000,85347.21343
36081061200,133360.7533
36081061301,78852.67264
36081061302,0
36081061400,100633.2815
36081061601,99359.4425
36081061602,103605.9122
36081061800,75217.64565
36081061900,83613.77331
36081062000,108531.0833
36081062100,60389.14054
36081062200,83614.79238
36081062300,81335.13009
36081062400,0
36081062500,77704.17939
36081062600,81975.10681
36081062700,70614.50102
36081062900,74316.7867
36081063000,85296.25987
36081063200,102467.6097
36081063301,81100.74372
36081063302,64588.73298
36081063500,55911.34167
36081063700,96811.76449
36081063800,112229.2927
36081063900,65756.58858
36081064101,65602.70883
36081064102,0
36081064500,69878.73161
36081064600,86621.05244
36081065000,89084.14754
36081065400,92884.26406
36081065501,0
36081065600,79807.54236
36081065702,61908.57571
36081065703,82314.45752
36081065900,87348.66928
36081066000,97983.69637
36081066100,83945.99052
36081066300,103347.0681
36081066400,81360.60687
36081066501,99614.2103
36081066701,56292.4743
36081066900,77107.00366
36081067100,102833.4562
36081067700,94518.85428
36081067900,49911.05041
36081068000,96811.76449
36081068200,89423.49825
36081068300,52996.79802
36081068700,61440.82203
36081069000,77987.48119
36081069300,48865.48336
36081069400,81931.28675
36081069500,58316.34971
36081069701,66097.97744
36081069702,70131.46127
36081070300,62975.54326
36081157903,78250.40156
36081161700,94136.70257
36081162100,78341.09889
36081990100,0
36085000300,73766.48825
36085000600,33403.11596
36085000700,40912.65167
36085000800,81974.08774
36085000900,56303.68408
36085001100,45188.67445
36085001700,41938.85638
36085001800,85029.26321
36085002001,89441.84153
36085002002,97410.97836
36085002100,55112.38984
36085002700,26432.66892
36085002900,29342.11721
36085003300,79035.08638
36085003600,71918.91216
36085003900,70865.19253
36085004000,39970.01081
36085004700,70611.4438
36085005000,68645.65545
36085005900,83248.94582
36085006400,51717.86366
36085006700,105234.388
36085007000,68443.87935
36085007400,78889.3592
36085007500,51654.68125
36085007700,43735.47891
36085008100,37884.99112
36085009601,68203.37855
36085009602,84896.78396
36085009700,72338.7695
36085010500,69159.26734
36085011201,67670.40431
36085011202,81041.63759
36085011401,30005.53256
36085011402,82500.94755
36085012100,105728.6375
36085012200,97378.36808
36085012500,80154.02657
36085012804,75750.61989
36085012805,75040.32726
36085012806,57792.54711
36085013201,107302.0835
36085013203,82035.23201
36085013204,84849.90668
36085013301,13742.1752
36085013302,40727.18071
36085013400,84787.74334
36085013800,97873.63668
36085014100,66470.9575
36085014604,79327.55982
36085014605,109640.8519
36085014606,105025.4784
36085014607,76053.28404
36085014608,98458.58355
36085014700,88836.51324
36085015100,113723.2511
36085015400,0
36085015601,106757.8994
36085015602,102059.9812
36085015603,90913.38035
36085016901,72691.36813
36085017005,103424.5175
36085017007,85694.71671
36085017008,80251.8574
36085017009,106383.9003
36085017010,80237.59041
36085017011,88965.93528
36085017012,92868.97799
36085017300,34594.4102
36085017600,113462.3689
36085017700,104242.8317
36085018100,120250.4022
36085018701,99082.25513
36085018702,105781.6292
36085018901,60025.33212
36085018902,85364.53764
36085019700,98934.48981
36085019800,108021.5477
36085020100,83330.47151
36085020700,31845.97516
36085020801,86550.73652
36085020803,114617.9957
36085020804,96386.81179
36085021300,62903.18921
36085022300,63237.44456
36085022600,107486.5354
36085022800,0
36085023100,68704.76158
36085023900,66591.2079
36085024401,80393.5083
36085024402,92831.27236
36085024700,57959.67479
36085024800,81100.74372
36085025100,102062.0193
36085027301,72506.91624
36081070700,89070.89961
36081070900,86621.05244
36081071100,75995.19698
36081071303,85800.70012
36081071304,48948.02812
36081071305,76513.90422
36081071306,78978.0184
36081071600,0
36081071701,67987.33545
36081071702,45544.3303
36081071900,40226.81675
36081072100,51711.74923
36081072300,109550.1546
36081072900,72927.79265
36081073100,118616.8311
36081073700,66902.02462
36081073900,85764.01355
36081074100,72736.20727
36081074300,59837.82302
36081074500,46579.70664
36081074700,67088.51465
36081074900,164834.7674
36081075701,83861.40761
36081075702,95266.85254
36081076901,83548.55275
36081076902,80048.04316
36081077300,72950.21222
36081077500,73114.28268
36081077902,89117.77689
36081077903,78120.97951
36081077904,65309.21632
36081077905,75156.50138
36081077906,63275.1502
36081077907,46592.95457
36081077908,49788.76187
36081078800,77704.17939
36081079000,58065.6582
36081079200,84161.01455
36081079300,0
36081079701,32703.01404
36081079702,39376.91137
36081079900,49529.91778
36081080301,54966.66266
36081080302,60745.81547
36081080900,69690.20343
36081081400,69636.19266
36081081800,69447.66449
36081083700,53713.20508
36081083800,78823.11957
36081084000,59826.61324
36081084500,27439.51127
36081084601,82232.93183
36081084602,75439.80317
36081084900,26843.35461
36081085300,39626.58381
36081085500,36966.80797
36081085700,38410.83186
36081085900,45384.33612
36081086100,40433.68821
36081086300,40716.99
36081086400,63222.15849
36081086500,30378.51262
36081086900,28422.91498
36081087100,42405.59099
36081088400,81793.71214
36081088901,50104.67394
36081089200,90829.81651
36081090700,71218.81024
36081091601,101695.1537
36081091602,0
36081091800,0
36081091900,50590.77091
36081092200,135517.1079
36081092500,42253.74938
36081092800,141881.2076
36081092900,56546.22303
36081093401,83818.60662
36081093402,74674.4807
36081093800,50184.1615
36081093900,75203.37865
36081094201,61536.61472
36081094202,48963.31419
36081094203,53547.09647
36081094500,82104.52885
36081094700,63643.0349
36081095400,56584.94774
36081096400,62128.69509
36081097202,35726.59831
36081097203,26652.7883
36081097204,43849.61489
36081097300,89041.34655
36081098100,95650.02331
36081098700,70562.52839
36081099100,101336.4406
36081099200,27276.45988
36081099701,76350.85283
36081099703,104731.9859
36081099704,70061.14535
36081099705,97214.29761
36047119000,41001.31087
36047119200,42408.6482
36047119400,40284.90381
36047119600,32960.83906
36047119800,30874.8003
36047120000,33507.06122
36047120200,32694.86147
36047120800,36679.42989
36047121000,20482.31215
36047121400,20993.8859
36047122000,45801.13624
36047123700,34351.87125
36047150200,114804.4857
36047152200,97151.1152
36047990100,0
36061000100,0
36061000201,24023.58459
36061000202,32679.57541
36061000500,0
36061000600,20155.19029
36061000700,137499.2014
36061000800,32929.24785
36061000900,183990.2489
36061001001,80715.5348
36061001002,19338.91426
36061001200,51360.16967
36061001300,141937.2565
36061001401,86100.30705
36061001402,30460.03832
36061001501,90216.33565
36061001502,158657.1578
36061001600,45221.28473
36061001800,66466.88121
36061002000,15026.20492
36061002100,254768.8204
36061002201,29340.07907
36061002202,92432.81552
36061002400,14572.71823
36061002500,17833.74609
36061002601,58890.0868
36061002602,78684.52589
36061002700,60826.32209
36061002800,37165.52685
36061002900,29411.41405